{"oi": 35101.46670000027, "ts": 1776313719.895545}