{"oi": 35124.23970000026, "ts": 1776315245.24601}