{"oi": 34345.980600000286, "ts": 1776398747.7779992}