{"oi": 35129.07110000026, "ts": 1776315360.012647}