{"oi": 34365.04000000029, "ts": 1776661379.4810529}