{"oi": 35135.80360000027, "ts": 1776314572.7320142}